{
  "hash": "a51ceb87",
  "configHash": "7cb2379f",
  "lockfileHash": "39f05d81",
  "browserHash": "cfdab555",
  "optimized": {
    "@angular/common": {
      "src": "../../../../../node_modules/@angular/common/fesm2022/common.mjs",
      "file": "@angular_common.js",
      "fileHash": "d8d3d951",
      "needsInterop": false
    },
    "@angular/core": {
      "src": "../../../../../node_modules/@angular/core/fesm2022/core.mjs",
      "file": "@angular_core.js",
      "fileHash": "1a28215a",
      "needsInterop": false
    },
    "@angular/platform-browser": {
      "src": "../../../../../node_modules/@angular/platform-browser/fesm2022/platform-browser.mjs",
      "file": "@angular_platform-browser.js",
      "fileHash": "605c07e8",
      "needsInterop": false
    },
    "@angular/router": {
      "src": "../../../../../node_modules/@angular/router/fesm2022/router.mjs",
      "file": "@angular_router.js",
      "fileHash": "019d85a9",
      "needsInterop": false
    },
    "@angular/forms": {
      "src": "../../../../../node_modules/@angular/forms/fesm2022/forms.mjs",
      "file": "@angular_forms.js",
      "fileHash": "56d959f3",
      "needsInterop": false
    }
  },
  "chunks": {
    "chunk-FAMQYE6H": {
      "file": "chunk-FAMQYE6H.js"
    },
    "chunk-CLFKRVZH": {
      "file": "chunk-CLFKRVZH.js"
    },
    "chunk-XHMXEJF3": {
      "file": "chunk-XHMXEJF3.js"
    }
  }
}