{
  "hash": "8af1f8e5",
  "configHash": "c8551490",
  "lockfileHash": "39f05d81",
  "browserHash": "5750ad9e",
  "optimized": {
    "@angular/common": {
      "src": "../../../../../node_modules/@angular/common/fesm2022/common.mjs",
      "file": "@angular_common.js",
      "fileHash": "5b44d625",
      "needsInterop": false
    },
    "@angular/core": {
      "src": "../../../../../node_modules/@angular/core/fesm2022/core.mjs",
      "file": "@angular_core.js",
      "fileHash": "59360c45",
      "needsInterop": false
    },
    "@angular/forms": {
      "src": "../../../../../node_modules/@angular/forms/fesm2022/forms.mjs",
      "file": "@angular_forms.js",
      "fileHash": "906daa6c",
      "needsInterop": false
    },
    "@angular/platform-browser": {
      "src": "../../../../../node_modules/@angular/platform-browser/fesm2022/platform-browser.mjs",
      "file": "@angular_platform-browser.js",
      "fileHash": "00459f0d",
      "needsInterop": false
    },
    "@angular/router": {
      "src": "../../../../../node_modules/@angular/router/fesm2022/router.mjs",
      "file": "@angular_router.js",
      "fileHash": "5f1ef0b0",
      "needsInterop": false
    }
  },
  "chunks": {
    "chunk-FAMQYE6H": {
      "file": "chunk-FAMQYE6H.js"
    },
    "chunk-CLFKRVZH": {
      "file": "chunk-CLFKRVZH.js"
    },
    "chunk-XHMXEJF3": {
      "file": "chunk-XHMXEJF3.js"
    }
  }
}