{
  "hash": "5642fbc0",
  "configHash": "0a76274b",
  "lockfileHash": "39f05d81",
  "browserHash": "9eb632c8",
  "optimized": {
    "@angular/core": {
      "src": "../../../../../node_modules/@angular/core/fesm2022/core.mjs",
      "file": "@angular_core.js",
      "fileHash": "5f0649fc",
      "needsInterop": false
    },
    "@angular/platform-browser": {
      "src": "../../../../../node_modules/@angular/platform-browser/fesm2022/platform-browser.mjs",
      "file": "@angular_platform-browser.js",
      "fileHash": "98646c4a",
      "needsInterop": false
    },
    "@angular/router": {
      "src": "../../../../../node_modules/@angular/router/fesm2022/router.mjs",
      "file": "@angular_router.js",
      "fileHash": "e006893b",
      "needsInterop": false
    },
    "@angular/common": {
      "src": "../../../../../node_modules/@angular/common/fesm2022/common.mjs",
      "file": "@angular_common.js",
      "fileHash": "51d05565",
      "needsInterop": false
    },
    "tslib": {
      "src": "../../../../../node_modules/tslib/tslib.es6.mjs",
      "file": "tslib.js",
      "fileHash": "b4fa4259",
      "needsInterop": false
    }
  },
  "chunks": {
    "chunk-WPQJ6OLW": {
      "file": "chunk-WPQJ6OLW.js"
    },
    "chunk-PO6WG35O": {
      "file": "chunk-PO6WG35O.js"
    },
    "chunk-36N5CCUS": {
      "file": "chunk-36N5CCUS.js"
    },
    "chunk-QOHD3WUR": {
      "file": "chunk-QOHD3WUR.js"
    }
  }
}